title,description,startDate,photoUrl,amount,isPublic,isPublished,org,NeedRandomFundCategory
"Debt, The",Fusce consequat. Nulla nisl. Nunc nisl.,9/25/2019,http://dummyimage.com/1500x800.bmp/dddddd/000000,58725,TRUE,TRUE,ndahlman0@ning.com,
"Devil's Ground, The","Phasellus id sapien in sapien iaculis congue. Vivamus metus arcu, adipiscing molestie, hendrerit at, vulputate vitae, nisl. Aenean lectus. Pellentesque eget nunc.",9/26/2019,http://dummyimage.com/1500x800.bmp/dddddd/000000,26589,TRUE,TRUE,msherrett1@friendfeed.com,
Saint Ange (House of Voices),"Nulla suscipit ligula in lacus. Curabitur at ipsum ac tellus semper interdum. Mauris ullamcorper purus sit amet nulla. Quisque arcu libero, rutrum ac, lobortis vel, dapibus at, diam.",10/6/2019,http://dummyimage.com/1500x800.bmp/ff4444/ffffff,93657,TRUE,TRUE,ehalm2@prweb.com,
Sharpe's Battle,"Morbi quis tortor id nulla ultrices aliquet. Maecenas leo odio, condimentum id, luctus nec, molestie sed, justo. Pellentesque viverra pede ac diam.",9/26/2019,http://dummyimage.com/1500x800.bmp/cc0000/ffffff,80885,TRUE,TRUE,rennion3@prlog.org,
Hadersfild (Huddersfield),"Praesent blandit. Nam nulla. Integer pede justo, lacinia eget, tincidunt eget, tempus vel, pede. Morbi porttitor lorem id ligula.",9/17/2019,http://dummyimage.com/1500x800.bmp/cc0000/ffffff,83533,TRUE,TRUE,tshurmore4@loc.gov,
Four Adventures of Reinette and Mirabelle (4 aventures de Reinette et Mirabelle),"Aenean sit amet justo. Morbi ut odio. Cras mi pede, malesuada in, imperdiet et, commodo vulputate, justo.",9/7/2019,http://dummyimage.com/1500x800.bmp/dddddd/000000,24182,TRUE,TRUE,agyford5@fotki.com,
Von Ryan's Express,"Cum sociis natoque penatibus et magnis dis parturient montes, nascetur ridiculus mus. Vivamus vestibulum sagittis sapien. Cum sociis natoque penatibus et magnis dis parturient montes, nascetur ridiculus mus.",9/15/2019,http://dummyimage.com/1500x800.bmp/ff4444/ffffff,14212,TRUE,TRUE,jbauldry6@barnesandnoble.com,
True Confession,"Proin at turpis a pede posuere nonummy. Integer non velit. Donec diam neque, vestibulum eget, vulputate ut, ultrices vel, augue.",10/9/2019,http://dummyimage.com/1500x800.bmp/dddddd/000000,75695,TRUE,TRUE,omuzzi7@bing.com,
"Machine, The",Ut at dolor quis odio consequat varius. Integer ac leo. Pellentesque ultrices mattis odio. Donec vitae nisi.,10/2/2019,http://dummyimage.com/1500x800.bmp/cc0000/ffffff,84414,TRUE,TRUE,amunden8@homestead.com,
Destiny (a.k.a. Between Two Worlds) (Der m√ºde Tod),Donec posuere metus vitae ipsum. Aliquam non mauris. Morbi non lectus. Aliquam sit amet diam in magna bibendum imperdiet.,10/1/2019,http://dummyimage.com/1500x800.bmp/5fa2dd/ffffff,25011,TRUE,TRUE,gguare9@reverbnation.com,
Pot O' Gold,"Integer aliquet, massa id lobortis convallis, tortor risus dapibus augue, vel accumsan tellus nisi eu orci. Mauris lacinia sapien quis libero. Nullam sit amet turpis elementum ligula vehicula consequat.",9/24/2019,http://dummyimage.com/1500x800.bmp/dddddd/000000,87863,TRUE,TRUE,lgreddena@unicef.org,
Dead Ahead: The Exxon Valdez Disaster,"Lorem ipsum dolor sit amet, consectetuer adipiscing elit. Proin interdum mauris non ligula pellentesque ultrices. Phasellus id sapien in sapien iaculis congue.",9/27/2019,http://dummyimage.com/1500x800.bmp/5fa2dd/ffffff,76859,TRUE,TRUE,cluckenb@symantec.com,
"Bicycle, Spoon, Apple (Bicicleta, cullera, poma)",Nunc purus. Phasellus in felis. Donec semper sapien a libero. Nam dui.,9/6/2019,http://dummyimage.com/1500x800.bmp/5fa2dd/ffffff,28957,TRUE,TRUE,bdahlgrenc@themeforest.net,
Summer in Berlin (Sommer vorm Balkon),"Morbi porttitor lorem id ligula. Suspendisse ornare consequat lectus. In est risus, auctor sed, tristique in, tempus sit amet, sem.",9/16/2019,http://dummyimage.com/1500x800.bmp/ff4444/ffffff,48799,TRUE,TRUE,ceglingtond@bizjournals.com,
Father Takes a Wife,"Morbi quis tortor id nulla ultrices aliquet. Maecenas leo odio, condimentum id, luctus nec, molestie sed, justo. Pellentesque viverra pede ac diam. Cras pellentesque volutpat dui.",9/1/2019,http://dummyimage.com/1500x800.bmp/cc0000/ffffff,6908,TRUE,TRUE,pdaldane@sphinn.com,
