title,description,email,website,phone,photoUrl,postcode,owner
Roombo,Integer tincidunt ante vel ipsum. Praesent blandit lacinia erat. Vestibulum sed magna at nunc commodo placerat.,ndahlman0@ning.com,http://uiuc.edu,888-621-9401,http://dummyimage.com/1500x800.bmp/ff4444/ffffff,KT10 0AA,test1@slp.com
Linkbridge,"Sed sagittis. Nam congue, risus semper porta volutpat, quam pede lobortis ligula, sit amet eleifend pede libero quis orci. Nullam molestie nibh in lectus.",msherrett1@friendfeed.com,https://ox.ac.uk,225-420-2020,http://dummyimage.com/1500x800.bmp/ff4444/ffffff,GU25 4AB,test1@slp.com
Myworks,Nulla ut erat id mauris vulputate elementum. Nullam varius. Nulla facilisi. Cras non velit nec nisi vulputate nonummy.,ehalm2@prweb.com,https://foxnews.com,820-538-7954,http://dummyimage.com/1500x800.bmp/5fa2dd/ffffff,GU11AF,test2@slp.com
Fliptune,"Proin leo odio, porttitor id, consequat in, consequat ut, nulla. Sed accumsan felis. Ut at dolor quis odio consequat varius.",rennion3@prlog.org,https://pinterest.com,377-765-0465,http://dummyimage.com/1500x800.bmp/5fa2dd/ffffff,GU213AR,test2@slp.com
Yombu,"Praesent lectus. Vestibulum quam sapien, varius ut, blandit non, interdum in, ante. Vestibulum ante ipsum primis in faucibus orci luctus et ultrices posuere cubilia Curae; Duis faucibus accumsan odio.",tshurmore4@loc.gov,http://mit.edu,805-410-0522,http://dummyimage.com/1500x800.bmp/cc0000/ffffff,KT11 3YQ,test3@slp.com
Kwilith,Aliquam quis turpis eget elit sodales scelerisque. Mauris sit amet eros. Suspendisse accumsan tortor quis turpis.,agyford5@fotki.com,http://aboutads.info,862-593-0923,http://dummyimage.com/1500x800.bmp/5fa2dd/ffffff,KT171DP,test4@slp.com
Eare,"Nam congue, risus semper porta volutpat, quam pede lobortis ligula, sit amet eleifend pede libero quis orci. Nullam molestie nibh in lectus. Pellentesque at nulla.",jbauldry6@barnesandnoble.com,http://ftc.gov,499-399-3239,http://dummyimage.com/1500x800.bmp/5fa2dd/ffffff,RH2 0BL,test5@slp.com
Livetube,Duis consequat dui nec nisi volutpat eleifend. Donec ut dolor. Morbi vel lectus in quam fringilla rhoncus.,omuzzi7@bing.com,http://addthis.com,730-712-8240,http://dummyimage.com/1500x800.bmp/dddddd/000000,TW15 1AP,test6@slp.com
Browsedrive,"Morbi odio odio, elementum eu, interdum eu, tincidunt in, leo. Maecenas pulvinar lobortis est. Phasellus sit amet erat. Nulla tempus.",amunden8@homestead.com,https://tamu.edu,764-707-9702,http://dummyimage.com/1500x800.bmp/cc0000/ffffff,GU195WJ,test7@slp.com
Jabberstorm,"Vestibulum ante ipsum primis in faucibus orci luctus et ultrices posuere cubilia Curae; Nulla dapibus dolor vel est. Donec odio justo, sollicitudin ut, suscipit a, feugiat et, eros. Vestibulum ac est lacinia nisi venenatis tristique.",gguare9@reverbnation.com,https://dmoz.org,498-299-1585,http://dummyimage.com/1500x800.bmp/ff4444/ffffff,KT18 6BH,test8@slp.com
Zoonder,"Duis bibendum, felis sed interdum venenatis, turpis enim blandit mi, in porttitor pede justo eu massa. Donec dapibus. Duis at velit eu est congue elementum. In hac habitasse platea dictumst.",lgreddena@unicef.org,https://cornell.edu,477-280-8626,http://dummyimage.com/1500x800.bmp/ff4444/ffffff,GU25 4AA,test9@slp.com
Oodoo,"Phasellus id sapien in sapien iaculis congue. Vivamus metus arcu, adipiscing molestie, hendrerit at, vulputate vitae, nisl. Aenean lectus. Pellentesque eget nunc.",cluckenb@symantec.com,http://wp.com,521-617-8563,http://dummyimage.com/1500x800.bmp/cc0000/ffffff,TW15 1AN,test10@slp.com
Jazzy,"Nulla nisl. Nunc nisl. Duis bibendum, felis sed interdum venenatis, turpis enim blandit mi, in porttitor pede justo eu massa. Donec dapibus.",bdahlgrenc@themeforest.net,http://flickr.com,788-131-0774,http://dummyimage.com/1500x800.bmp/5fa2dd/ffffff,TW15 1AP,test11@slp.com
Edgeblab,"Proin at turpis a pede posuere nonummy. Integer non velit. Donec diam neque, vestibulum eget, vulputate ut, ultrices vel, augue. Vestibulum ante ipsum primis in faucibus orci luctus et ultrices posuere cubilia Curae; Donec pharetra, magna vestibulum aliquet ultrices, erat tortor sollicitudin mi, sit amet lobortis sapien sapien non mi.",ceglingtond@bizjournals.com,https://uol.com.br,348-253-1679,http://dummyimage.com/1500x800.bmp/cc0000/ffffff,GU7 1AA,test7@slp.com
Kayveo,"Nulla neque libero, convallis eget, eleifend luctus, ultricies eu, nibh. Quisque id justo sit amet sapien dignissim vestibulum. Vestibulum ante ipsum primis in faucibus orci luctus et ultrices posuere cubilia Curae; Nulla dapibus dolor vel est.",pdaldane@sphinn.com,https://dyndns.org,734-834-7486,http://dummyimage.com/1500x800.bmp/ff4444/ffffff,GU18 5HU,test8@slp.com
