title,description,location,startDate ,photoUrl,postcode,owner
Once Upon a Time in Mexico,"Cum sociis natoque penatibus et magnis dis parturient montes, nascetur ridiculus mus. Etiam vel augue. Vestibulum rutrum rutrum neque.",Saint Petersburg,6/15/2020,http://dummyimage.com/1500x800.bmp/dddddd/000000,,test1@slp.com,
Cirque du Soleil: Worlds Away,Suspendisse potenti. Nullam porttitor lacus at turpis. Donec posuere metus vitae ipsum.,Mutengene,8/15/2020,http://dummyimage.com/1500x800.bmp/ff4444/ffffff,,test2@slp.com,
Husk,"Pellentesque viverra pede ac diam. Cras pellentesque volutpat dui. Maecenas tristique, est et tempus semper, est quam pharetra magna, ac consequat metus sapien ut nunc.",Leninskiy,11/21/2019,http://dummyimage.com/1500x800.bmp/5fa2dd/ffffff,,test3@slp.com,
Food of Love (Manjar de Amor),"Fusce posuere felis sed lacus. Morbi sem mauris, laoreet ut, rhoncus aliquet, pulvinar sed, nisl. Nunc rhoncus dui vel sem. Sed sagittis.",Bal’shavik,3/27/2020,http://dummyimage.com/1500x800.bmp/dddddd/000000,,test4@slp.com,
Fullmetal Alchemist the Movie: Conqueror of Shamballa (Gekijô-ban hagane no renkinjutsushi: Shanbara wo yuku mono),"Cras in purus eu magna vulputate luctus. Cum sociis natoque penatibus et magnis dis parturient montes, nascetur ridiculus mus. Vivamus vestibulum sagittis sapien.",Pontes e Lacerda,1/26/2020,http://dummyimage.com/1500x800.bmp/5fa2dd/ffffff,,test5@slp.com,
7 Virgins (7 vírgenes),Morbi a ipsum. Integer a nibh. In quis justo. Maecenas rhoncus aliquam lacus.,Bancal,11/11/2019,http://dummyimage.com/1500x800.bmp/cc0000/ffffff,,test6@slp.com,
Loft,"Praesent lectus. Vestibulum quam sapien, varius ut, blandit non, interdum in, ante. Vestibulum ante ipsum primis in faucibus orci luctus et ultrices posuere cubilia Curae; Duis faucibus accumsan odio.",Sedkyrkeshch,2/27/2020,http://dummyimage.com/1500x800.bmp/ff4444/ffffff,,test7@slp.com,
Secrets of Eden,Maecenas tincidunt lacus at velit. Vivamus vel nulla eget eros elementum pellentesque. Quisque porta volutpat erat.,Kertosari,9/30/2020,http://dummyimage.com/1500x800.bmp/dddddd/000000,,test8@slp.com,
Snowmageddon,Aenean lectus. Pellentesque eget nunc. Donec quis orci eget orci vehicula condimentum. Curabitur in libero ut massa volutpat convallis.,Halmstad,3/11/2020,http://dummyimage.com/1500x800.bmp/ff4444/ffffff,,test9@slp.com,
Darling,Duis bibendum. Morbi non quam nec dui luctus rutrum. Nulla tellus. In sagittis dui vel nisl.,Kedungsinggil,11/11/2019,http://dummyimage.com/1500x800.bmp/cc0000/ffffff,,test10@slp.com,
Galaxina,Sed accumsan felis. Ut at dolor quis odio consequat varius. Integer ac leo.,Khantaghy,10/1/2020,http://dummyimage.com/1500x800.bmp/dddddd/000000,,test11@slp.com,
Major League: Back to the Minors,"Nullam orci pede, venenatis non, sodales sed, tincidunt eu, felis. Fusce posuere felis sed lacus. Morbi sem mauris, laoreet ut, rhoncus aliquet, pulvinar sed, nisl.",Valencia,11/9/2019,http://dummyimage.com/1500x800.bmp/5fa2dd/ffffff,,test1@slp.com,
"Bitter Tea of General Yen, The","Proin at turpis a pede posuere nonummy. Integer non velit. Donec diam neque, vestibulum eget, vulputate ut, ultrices vel, augue. Vestibulum ante ipsum primis in faucibus orci luctus et ultrices posuere cubilia Curae; Donec pharetra, magna vestibulum aliquet ultrices, erat tortor sollicitudin mi, sit amet lobortis sapien sapien non mi.",Ipubi,9/2/2020,http://dummyimage.com/1500x800.bmp/ff4444/ffffff,,test2@slp.com,
"Glass-blower's Children, The (Glasblåsarns barn)",Curabitur convallis. Duis consequat dui nec nisi volutpat eleifend. Donec ut dolor. Morbi vel lectus in quam fringilla rhoncus.,Zagreb,9/1/2020,http://dummyimage.com/1500x800.bmp/ff4444/ffffff,,test3@slp.com,
"Forsaken, The","In hac habitasse platea dictumst. Aliquam augue quam, sollicitudin vitae, consectetuer eget, rutrum at, lorem. Integer tincidunt ante vel ipsum.",Beitai,12/24/2019,http://dummyimage.com/1500x800.bmp/cc0000/ffffff,,test4@slp.com,
One of Our Dinosaurs Is Missing,Morbi a ipsum. Integer a nibh. In quis justo. Maecenas rhoncus aliquam lacus.,Héroumbili,4/12/2020,http://dummyimage.com/1500x800.bmp/cc0000/ffffff,,test5@slp.com,
Fire in the Blood,"Aliquam augue quam, sollicitudin vitae, consectetuer eget, rutrum at, lorem. Integer tincidunt ante vel ipsum. Praesent blandit lacinia erat. Vestibulum sed magna at nunc commodo placerat.",Yangsi,8/12/2020,http://dummyimage.com/1500x800.bmp/cc0000/ffffff,,test6@slp.com,
"Ugly Dachshund, The","Cum sociis natoque penatibus et magnis dis parturient montes, nascetur ridiculus mus. Vivamus vestibulum sagittis sapien. Cum sociis natoque penatibus et magnis dis parturient montes, nascetur ridiculus mus.",Ubaté,2/10/2020,http://dummyimage.com/1500x800.bmp/ff4444/ffffff,,test7@slp.com,
On the Outs,"Praesent lectus. Vestibulum quam sapien, varius ut, blandit non, interdum in, ante. Vestibulum ante ipsum primis in faucibus orci luctus et ultrices posuere cubilia Curae; Duis faucibus accumsan odio. Curabitur convallis.",Yongdeng Chengguanzhen,4/2/2020,http://dummyimage.com/1500x800.bmp/ff4444/ffffff,,test8@slp.com,
True Lies,"Integer ac leo. Pellentesque ultrices mattis odio. Donec vitae nisi. Nam ultrices, libero non mattis pulvinar, nulla pede ullamcorper augue, a suscipit nulla elit ac nulla.",São Mamede,8/12/2020,http://dummyimage.com/1500x800.bmp/dddddd/000000,,test9@slp.com,
"11th Hour, The","Quisque id justo sit amet sapien dignissim vestibulum. Vestibulum ante ipsum primis in faucibus orci luctus et ultrices posuere cubilia Curae; Nulla dapibus dolor vel est. Donec odio justo, sollicitudin ut, suscipit a, feugiat et, eros.",Thị Trấn Bắc Yên,6/7/2020,http://dummyimage.com/1500x800.bmp/cc0000/ffffff,,test10@slp.com,
Bobby Deerfield,"Integer pede justo, lacinia eget, tincidunt eget, tempus vel, pede. Morbi porttitor lorem id ligula. Suspendisse ornare consequat lectus. In est risus, auctor sed, tristique in, tempus sit amet, sem.",Foros de Salvaterra,4/29/2020,http://dummyimage.com/1500x800.bmp/cc0000/ffffff,,test11@slp.com,
Starsky & Hutch,Aliquam non mauris. Morbi non lectus. Aliquam sit amet diam in magna bibendum imperdiet.,Maanĭt,8/8/2020,http://dummyimage.com/1500x800.bmp/5fa2dd/ffffff,KT10 0BY,test1@slp.com,
Chinese Box,"Donec quis orci eget orci vehicula condimentum. Curabitur in libero ut massa volutpat convallis. Morbi odio odio, elementum eu, interdum eu, tincidunt in, leo.",El Bolsón,7/20/2020,http://dummyimage.com/1500x800.bmp/ff4444/ffffff,KT8 9NX,test2@slp.com,
Under the Sun of Satan (Sous le soleil de Satan),Nulla tempus. Vivamus in felis eu sapien cursus vestibulum. Proin eu mi.,Köln,12/31/2019,http://dummyimage.com/1500x800.bmp/ff4444/ffffff,KT10 0RJ,test3@slp.com,
Peas at 5:30 (Erbsen auf halb 6),"Aliquam augue quam, sollicitudin vitae, consectetuer eget, rutrum at, lorem. Integer tincidunt ante vel ipsum. Praesent blandit lacinia erat.",Fengyi,9/13/2020,http://dummyimage.com/1500x800.bmp/dddddd/000000,KT10 0SA,test4@slp.com,
Zatoichi at Large (Zatôichi goyô-tabi) (Zatôichi 23),"Integer pede justo, lacinia eget, tincidunt eget, tempus vel, pede. Morbi porttitor lorem id ligula. Suspendisse ornare consequat lectus. In est risus, auctor sed, tristique in, tempus sit amet, sem.",Al Ḩashwah,7/1/2020,http://dummyimage.com/1500x800.bmp/5fa2dd/ffffff,KT17 1BD,test5@slp.com,
"Nanny Diaries, The","Morbi ut odio. Cras mi pede, malesuada in, imperdiet et, commodo vulputate, justo. In blandit ultrices enim.",Santol,11/19/2019,http://dummyimage.com/1500x800.bmp/ff4444/ffffff,KT171DP,test6@slp.com,
Captain Midnight,Etiam pretium iaculis justo. In hac habitasse platea dictumst. Etiam faucibus cursus urna. Ut tellus.,Khartsyz’k,1/23/2020,http://dummyimage.com/1500x800.bmp/cc0000/ffffff,KT17 1QE,test7@slp.com,
London River,"Nam congue, risus semper porta volutpat, quam pede lobortis ligula, sit amet eleifend pede libero quis orci. Nullam molestie nibh in lectus. Pellentesque at nulla.",Waipare,8/17/2020,http://dummyimage.com/1500x800.bmp/ff4444/ffffff,KT17 1BZ,test8@slp.com,
Follow Me Quietly,"Suspendisse ornare consequat lectus. In est risus, auctor sed, tristique in, tempus sit amet, sem. Fusce consequat.",Stryszawa,2/14/2020,http://dummyimage.com/1500x800.bmp/5fa2dd/ffffff,KT171AQ,test9@slp.com,
Police Academy: Mission to Moscow,Morbi a ipsum. Integer a nibh. In quis justo.,Shiyuan,8/8/2020,http://dummyimage.com/1500x800.bmp/dddddd/000000,KT10 0AA,test10@slp.com,
Carolina Moon,"Vivamus vestibulum sagittis sapien. Cum sociis natoque penatibus et magnis dis parturient montes, nascetur ridiculus mus. Etiam vel augue.",Midland,9/13/2020,http://dummyimage.com/1500x800.bmp/ff4444/ffffff,FT19 8FJ,test11@slp.com,
In the Army Now,"Nunc nisl. Duis bibendum, felis sed interdum venenatis, turpis enim blandit mi, in porttitor pede justo eu massa. Donec dapibus. Duis at velit eu est congue elementum.",Morrison,9/15/2020,http://dummyimage.com/1500x800.bmp/dddddd/000000,GU11AF,test1@slp.com,
Curse of the Pink Panther,"Vivamus metus arcu, adipiscing molestie, hendrerit at, vulputate vitae, nisl. Aenean lectus. Pellentesque eget nunc.",Guidong Chengguanzhen,7/15/2020,http://dummyimage.com/1500x800.bmp/cc0000/ffffff,KT11 3YQ,test2@slp.com,
Lemming,"Curabitur at ipsum ac tellus semper interdum. Mauris ullamcorper purus sit amet nulla. Quisque arcu libero, rutrum ac, lobortis vel, dapibus at, diam. Nam tristique tortor eu pede.",Avlónas,4/25/2020,http://dummyimage.com/1500x800.bmp/5fa2dd/ffffff,RH1 6AX,test3@slp.com,
House of Flying Daggers (Shi mian mai fu),"Mauris ullamcorper purus sit amet nulla. Quisque arcu libero, rutrum ac, lobortis vel, dapibus at, diam. Nam tristique tortor eu pede.",Zhichu,6/15/2020,http://dummyimage.com/1500x800.bmp/dddddd/000000,GU24 8EX,test4@slp.com,
Long Live Death (Viva la muerte),Etiam justo. Etiam pretium iaculis justo. In hac habitasse platea dictumst. Etiam faucibus cursus urna.,Dupnitsa,9/23/2020,http://dummyimage.com/1500x800.bmp/5fa2dd/ffffff,TW15 1AL,test5@slp.com,
Impudent Girl (L'effrontée),"Duis ac nibh. Fusce lacus purus, aliquet at, feugiat non, pretium quis, lectus. Suspendisse potenti. In eleifend quam a odio.",Madīnat Ḩamad,3/29/2020,http://dummyimage.com/1500x800.bmp/5fa2dd/ffffff,GU12 5RH,test6@slp.com,
Out of the Blue,"Duis ac nibh. Fusce lacus purus, aliquet at, feugiat non, pretium quis, lectus. Suspendisse potenti. In eleifend quam a odio.",Úštěk,7/22/2020,http://dummyimage.com/1500x800.bmp/ff4444/ffffff,GU7 1AB,test7@slp.com,
My Son John,"Vivamus vel nulla eget eros elementum pellentesque. Quisque porta volutpat erat. Quisque erat eros, viverra eget, congue eget, semper rutrum, nulla. Nunc purus.",Dmytrivka,7/9/2020,http://dummyimage.com/1500x800.bmp/dddddd/000000,GU7 1AD,test8@slp.com,
"International, The","Morbi vel lectus in quam fringilla rhoncus. Mauris enim leo, rhoncus sed, vestibulum sit amet, cursus id, turpis. Integer aliquet, massa id lobortis convallis, tortor risus dapibus augue, vel accumsan tellus nisi eu orci.",Pompéia,7/16/2020,http://dummyimage.com/1500x800.bmp/dddddd/000000,GU7 1AE,test9@slp.com,
This Special Friendship (Les amitiés particulières),"Pellentesque viverra pede ac diam. Cras pellentesque volutpat dui. Maecenas tristique, est et tempus semper, est quam pharetra magna, ac consequat metus sapien ut nunc. Vestibulum ante ipsum primis in faucibus orci luctus et ultrices posuere cubilia Curae; Mauris viverra diam vitae quam.",Zarichchya,9/10/2020,http://dummyimage.com/1500x800.bmp/5fa2dd/ffffff,GU18 5WU,test10@slp.com,
In Harm's Way,"In blandit ultrices enim. Lorem ipsum dolor sit amet, consectetuer adipiscing elit. Proin interdum mauris non ligula pellentesque ultrices. Phasellus id sapien in sapien iaculis congue.",Argungu,7/9/2020,http://dummyimage.com/1500x800.bmp/ff4444/ffffff,GU195WJ,test11@slp.com,
Popcorn,Nullam varius. Nulla facilisi. Cras non velit nec nisi vulputate nonummy.,Kungshamn,7/1/2020,http://dummyimage.com/1500x800.bmp/cc0000/ffffff,GU213AR,gmckevinb@stanford.edu,
Silent Wedding (Nunta Muta),Ut tellus. Nulla ut erat id mauris vulputate elementum. Nullam varius. Nulla facilisi.,Enrile,4/8/2020,http://dummyimage.com/1500x800.bmp/cc0000/ffffff,GU213BH,mwallsc@flavors.me,
Rock 'N' Roll High School,"Morbi porttitor lorem id ligula. Suspendisse ornare consequat lectus. In est risus, auctor sed, tristique in, tempus sit amet, sem.",Helmsange,9/15/2020,http://dummyimage.com/1500x800.bmp/5fa2dd/ffffff,KT10 0AA,wtynnand@facebook.com,
Empire,"Morbi ut odio. Cras mi pede, malesuada in, imperdiet et, commodo vulputate, justo. In blandit ultrices enim.",Shuangjie,4/26/2020,http://dummyimage.com/1500x800.bmp/cc0000/ffffff,FT19 8FJ,vdadye@usnews.com,
Shara (Sharasojyu),"Donec ut mauris eget massa tempor convallis. Nulla neque libero, convallis eget, eleifend luctus, ultricies eu, nibh. Quisque id justo sit amet sapien dignissim vestibulum. Vestibulum ante ipsum primis in faucibus orci luctus et ultrices posuere cubilia Curae; Nulla dapibus dolor vel est.",Rancakole,9/15/2020,http://dummyimage.com/1500x800.bmp/dddddd/000000,GU11AF,cbowsteadf@cbsnews.com,
Claustrofobia,"Vestibulum ante ipsum primis in faucibus orci luctus et ultrices posuere cubilia Curae; Donec pharetra, magna vestibulum aliquet ultrices, erat tortor sollicitudin mi, sit amet lobortis sapien sapien non mi. Integer ac neque. Duis bibendum. Morbi non quam nec dui luctus rutrum.",Thị Trấn Mường Khến,6/29/2020,http://dummyimage.com/1500x800.bmp/ff4444/ffffff,KT11 3YQ,kgirtg@google.com.au,
"Adventures of Prince Achmed, The (Abenteuer des Prinzen Achmed, Die)",Sed accumsan felis. Ut at dolor quis odio consequat varius. Integer ac leo. Pellentesque ultrices mattis odio.,Pittsburgh,3/2/2020,http://dummyimage.com/1500x800.bmp/5fa2dd/ffffff,RH1 6AX,lroskeillyh@people.com.cn,
Just Friends?,"Sed sagittis. Nam congue, risus semper porta volutpat, quam pede lobortis ligula, sit amet eleifend pede libero quis orci. Nullam molestie nibh in lectus.",Melfort,5/5/2020,http://dummyimage.com/1500x800.bmp/cc0000/ffffff,GU24 8EX,sgreenleesi@google.nl,
Confessions of a Nazi Spy,"Nunc rhoncus dui vel sem. Sed sagittis. Nam congue, risus semper porta volutpat, quam pede lobortis ligula, sit amet eleifend pede libero quis orci. Nullam molestie nibh in lectus.",Kebonbencoy,9/15/2020,http://dummyimage.com/1500x800.bmp/ff4444/ffffff,TW15 1AL,npringerj@howstuffworks.com,
"Indian in the Cupboard, The","In tempor, turpis nec euismod scelerisque, quam turpis adipiscing lorem, vitae mattis nibh ligula nec sem. Duis aliquam convallis nunc. Proin at turpis a pede posuere nonummy. Integer non velit.",Lintaca,9/15/2020,http://dummyimage.com/1500x800.bmp/ff4444/ffffff,GU12 5RH,csollowayk@soundcloud.com,
"Mother, Jugs & Speed","Integer aliquet, massa id lobortis convallis, tortor risus dapibus augue, vel accumsan tellus nisi eu orci. Mauris lacinia sapien quis libero. Nullam sit amet turpis elementum ligula vehicula consequat.",Piran,12/20/2019,http://dummyimage.com/1500x800.bmp/ff4444/ffffff,RH89NJ,bklempsl@mac.com,
"Honey, I Blew Up the Kid","Curabitur gravida nisi at nibh. In hac habitasse platea dictumst. Aliquam augue quam, sollicitudin vitae, consectetuer eget, rutrum at, lorem. Integer tincidunt ante vel ipsum.",Songyuan,11/12/2019,http://dummyimage.com/1500x800.bmp/dddddd/000000,GU7 1AA,cclothierm@hostgator.com,
Testament,Integer ac neque. Duis bibendum. Morbi non quam nec dui luctus rutrum.,Salamanca,3/18/2020,http://dummyimage.com/1500x800.bmp/dddddd/000000,GU18 5HU,dwhethern@yandex.ru,
"Gods Must Be Crazy II, The",Integer tincidunt ante vel ipsum. Praesent blandit lacinia erat. Vestibulum sed magna at nunc commodo placerat.,Hägersten,11/13/2019,http://dummyimage.com/1500x800.bmp/ff4444/ffffff,KT10 0BY,csaxelbyo@slate.com,
Pride and Prejudice,Vestibulum ante ipsum primis in faucibus orci luctus et ultrices posuere cubilia Curae; Duis faucibus accumsan odio. Curabitur convallis. Duis consequat dui nec nisi volutpat eleifend. Donec ut dolor.,Yukou,10/9/2020,http://dummyimage.com/1500x800.bmp/dddddd/000000,KT8 9NX,fswinep@icio.us,
Reeker,"Lorem ipsum dolor sit amet, consectetuer adipiscing elit. Proin interdum mauris non ligula pellentesque ultrices. Phasellus id sapien in sapien iaculis congue. Vivamus metus arcu, adipiscing molestie, hendrerit at, vulputate vitae, nisl.",Opaka,3/13/2020,http://dummyimage.com/1500x800.bmp/cc0000/ffffff,KT10 0RJ,mjanksq@msu.edu,
John Dies at the End,"Fusce congue, diam id ornare imperdiet, sapien urna pretium nisl, ut volutpat sapien arcu sed augue. Aliquam erat volutpat. In congue.",Staraya Kupavna,12/19/2019,http://dummyimage.com/1500x800.bmp/dddddd/000000,KT10 0SA,acowlamr@howstuffworks.com,
XX/XY,Praesent blandit lacinia erat. Vestibulum sed magna at nunc commodo placerat. Praesent blandit. Nam nulla.,Motge,7/29/2020,http://dummyimage.com/1500x800.bmp/dddddd/000000,KT17 1BD,bbonniers@wordpress.com,
Mars,Duis consequat dui nec nisi volutpat eleifend. Donec ut dolor. Morbi vel lectus in quam fringilla rhoncus.,Xujiahe,2/5/2020,http://dummyimage.com/1500x800.bmp/dddddd/000000,GU7 1AB,fkiddellt@pinterest.com,
To Gillian on Her 37th Birthday,"Maecenas rhoncus aliquam lacus. Morbi quis tortor id nulla ultrices aliquet. Maecenas leo odio, condimentum id, luctus nec, molestie sed, justo. Pellentesque viverra pede ac diam.",Rakvere,3/11/2020,http://dummyimage.com/1500x800.bmp/5fa2dd/ffffff,GU7 1AD,bpadberryu@marketwatch.com,
Stand-In,"Lorem ipsum dolor sit amet, consectetuer adipiscing elit. Proin risus. Praesent lectus.",Naro-Fominsk,1/22/2020,http://dummyimage.com/1500x800.bmp/dddddd/000000,GU7 1AE,tkibbev@ehow.com,
A Cry in the Wild,Sed vel enim sit amet nunc viverra dapibus. Nulla suscipit ligula in lacus. Curabitur at ipsum ac tellus semper interdum. Mauris ullamcorper purus sit amet nulla.,Novyy Svit,4/29/2020,http://dummyimage.com/1500x800.bmp/5fa2dd/ffffff,GU18 5WU,wmcvityw@newyorker.com,
Beneath the Rooftops of Paris (Sous les toits de Paris),Vestibulum ante ipsum primis in faucibus orci luctus et ultrices posuere cubilia Curae; Mauris viverra diam vitae quam. Suspendisse potenti. Nullam porttitor lacus at turpis. Donec posuere metus vitae ipsum.,Vilhena,5/16/2020,http://dummyimage.com/1500x800.bmp/5fa2dd/ffffff,GU195WJ,kmannionx@amazon.co.jp,
"Hunted, The",In congue. Etiam justo. Etiam pretium iaculis justo. In hac habitasse platea dictumst.,Tilburg,7/13/2020,http://dummyimage.com/1500x800.bmp/dddddd/000000,GU213AR,ozorziniy@archive.org,
"Gathering, The",Nulla facilisi. Cras non velit nec nisi vulputate nonummy. Maecenas tincidunt lacus at velit.,Okpoga,12/24/2019,http://dummyimage.com/1500x800.bmp/ff4444/ffffff,GU213BH,acowlamr@howstuffworks.com,
Sybil,"Nam ultrices, libero non mattis pulvinar, nulla pede ullamcorper augue, a suscipit nulla elit ac nulla. Sed vel enim sit amet nunc viverra dapibus. Nulla suscipit ligula in lacus.",Capanema,5/11/2020,http://dummyimage.com/1500x800.bmp/dddddd/000000,KT10 0AA,bbonniers@wordpress.com,
"Sum of Us, The",Nulla tellus. In sagittis dui vel nisl. Duis ac nibh.,Putukrejo,1/4/2020,http://dummyimage.com/1500x800.bmp/ff4444/ffffff,FT19 8FJ,fkiddellt@pinterest.com,
Something of Value,Integer ac neque. Duis bibendum. Morbi non quam nec dui luctus rutrum. Nulla tellus.,Dongkeng,9/22/2020,http://dummyimage.com/1500x800.bmp/5fa2dd/ffffff,GU11AF,bpadberryu@marketwatch.com,
Shall We Kiss? (Un baiser s'il vous plait),Vestibulum sed magna at nunc commodo placerat. Praesent blandit. Nam nulla.,Sananduva,12/9/2019,http://dummyimage.com/1500x800.bmp/dddddd/000000,KT11 3YQ,tkibbev@ehow.com,
Dead Set,"Cum sociis natoque penatibus et magnis dis parturient montes, nascetur ridiculus mus. Etiam vel augue. Vestibulum rutrum rutrum neque.",Granada,11/22/2019,http://dummyimage.com/1500x800.bmp/ff4444/ffffff,RH1 6AX,wmcvityw@newyorker.com,
Laws of Attraction,"Suspendisse potenti. Cras in purus eu magna vulputate luctus. Cum sociis natoque penatibus et magnis dis parturient montes, nascetur ridiculus mus. Vivamus vestibulum sagittis sapien.",Páno Polemídia,8/14/2020,http://dummyimage.com/1500x800.bmp/dddddd/000000,GU24 8EX,kmannionx@amazon.co.jp,
Pathfinder (Ofelas),"Praesent lectus. Vestibulum quam sapien, varius ut, blandit non, interdum in, ante. Vestibulum ante ipsum primis in faucibus orci luctus et ultrices posuere cubilia Curae; Duis faucibus accumsan odio. Curabitur convallis.",Jujur,3/15/2020,http://dummyimage.com/1500x800.bmp/cc0000/ffffff,TW15 1AL,ozorziniy@archive.org,
Revenge of the Nerds,"Praesent id massa id nisl venenatis lacinia. Aenean sit amet justo. Morbi ut odio. Cras mi pede, malesuada in, imperdiet et, commodo vulputate, justo.",Pasirlaja,6/12/2020,http://dummyimage.com/1500x800.bmp/dddddd/000000,GU12 5RH,kdez@guardian.co.uk,
In the Time of the Butterflies,"Lorem ipsum dolor sit amet, consectetuer adipiscing elit. Proin interdum mauris non ligula pellentesque ultrices. Phasellus id sapien in sapien iaculis congue.",Bërxull,10/4/2020,http://dummyimage.com/1500x800.bmp/ff4444/ffffff,RH89NJ,jkoppen10@jigsy.com,
Next Day Air,Nunc purus. Phasellus in felis. Donec semper sapien a libero. Nam dui.,Shiquanhe,3/8/2020,http://dummyimage.com/1500x800.bmp/cc0000/ffffff,GU7 1AA,sguilliland11@google.com.au,
Gigi,"Donec dapibus. Duis at velit eu est congue elementum. In hac habitasse platea dictumst. Morbi vestibulum, velit id pretium iaculis, diam erat fermentum justo, nec condimentum neque sapien placerat ante.",Shuguang,1/27/2020,http://dummyimage.com/1500x800.bmp/cc0000/ffffff,GU18 5HU,eoffell12@quantcast.com,
That Thing You Do!,Duis aliquam convallis nunc. Proin at turpis a pede posuere nonummy. Integer non velit.,Vila Chã de Ourique,12/15/2019,http://dummyimage.com/1500x800.bmp/dddddd/000000,KT10 0BY,gdumbleton13@vimeo.com,
Mafioso,Aenean auctor gravida sem. Praesent id massa id nisl venenatis lacinia. Aenean sit amet justo. Morbi ut odio.,Shuanglongchang,12/11/2019,http://dummyimage.com/1500x800.bmp/cc0000/ffffff,KT8 9NX,mkaye14@tinyurl.com,
A Chairy Tale,Vestibulum ante ipsum primis in faucibus orci luctus et ultrices posuere cubilia Curae; Mauris viverra diam vitae quam. Suspendisse potenti. Nullam porttitor lacus at turpis. Donec posuere metus vitae ipsum.,Mira,5/19/2020,http://dummyimage.com/1500x800.bmp/ff4444/ffffff,KT10 0RJ,ccalladine15@latimes.com,
Blue Steel,Nulla mollis molestie lorem. Quisque ut erat. Curabitur gravida nisi at nibh.,Adrasmon,2/18/2020,http://dummyimage.com/1500x800.bmp/cc0000/ffffff,KT10 0SA,bcaslett16@google.co.uk,
Outlaw of Gor,"Morbi sem mauris, laoreet ut, rhoncus aliquet, pulvinar sed, nisl. Nunc rhoncus dui vel sem. Sed sagittis. Nam congue, risus semper porta volutpat, quam pede lobortis ligula, sit amet eleifend pede libero quis orci.",San Pedro de Lloc,8/18/2020,http://dummyimage.com/1500x800.bmp/ff4444/ffffff,KT17 1BD,ddriutti17@harvard.edu,
Dear Brigitte,"Vestibulum ante ipsum primis in faucibus orci luctus et ultrices posuere cubilia Curae; Donec pharetra, magna vestibulum aliquet ultrices, erat tortor sollicitudin mi, sit amet lobortis sapien sapien non mi. Integer ac neque. Duis bibendum. Morbi non quam nec dui luctus rutrum.",Lansing,2/20/2020,http://dummyimage.com/1500x800.bmp/ff4444/ffffff,GU7 1AB,emacgauhy18@theatlantic.com,
One-Eyed Jacks,"Suspendisse ornare consequat lectus. In est risus, auctor sed, tristique in, tempus sit amet, sem. Fusce consequat. Nulla nisl.",Pato-o,3/13/2020,http://dummyimage.com/1500x800.bmp/ff4444/ffffff,GU7 1AD,ksickling19@themeforest.net,
Jack and the Cuckoo-Clock Heart (Jack et la mécanique du coeur),"Fusce posuere felis sed lacus. Morbi sem mauris, laoreet ut, rhoncus aliquet, pulvinar sed, nisl. Nunc rhoncus dui vel sem.",Haozigang,6/26/2020,http://dummyimage.com/1500x800.bmp/ff4444/ffffff,GU7 1AE,esertin1a@constantcontact.com,
"Sure Thing, The","Donec ut dolor. Morbi vel lectus in quam fringilla rhoncus. Mauris enim leo, rhoncus sed, vestibulum sit amet, cursus id, turpis.",Mawlamyine,12/12/2019,http://dummyimage.com/1500x800.bmp/cc0000/ffffff,GU18 5WU,cverrico1b@kickstarter.com,
History of Postwar Japan as Told by a Bar Hostess (Nippon Sengoshi - Madamu onboro no Seikatsu),"Pellentesque viverra pede ac diam. Cras pellentesque volutpat dui. Maecenas tristique, est et tempus semper, est quam pharetra magna, ac consequat metus sapien ut nunc.",Seraya,8/6/2020,http://dummyimage.com/1500x800.bmp/cc0000/ffffff,GU195WJ,cbenns1c@umn.edu,
"City of Violence, The (Jjakpae)",Aliquam erat volutpat. In congue. Etiam justo. Etiam pretium iaculis justo.,Santa Catalina,7/9/2020,http://dummyimage.com/1500x800.bmp/ff4444/ffffff,GU213AR,hbedborough1d@chron.com,
Trapeze,Etiam faucibus cursus urna. Ut tellus. Nulla ut erat id mauris vulputate elementum. Nullam varius.,Bojnik,3/5/2020,http://dummyimage.com/1500x800.bmp/cc0000/ffffff,GU213BH,test1@slp.com,
"Mountain Men, The","Vivamus in felis eu sapien cursus vestibulum. Proin eu mi. Nulla ac enim. In tempor, turpis nec euismod scelerisque, quam turpis adipiscing lorem, vitae mattis nibh ligula nec sem.",Ringin Kembar,11/6/2019,http://dummyimage.com/1500x800.bmp/cc0000/ffffff,KT10 0AA,test2@slp.com,
Zona Zamfirova,Fusce consequat. Nulla nisl. Nunc nisl.,Kaiapoi,8/11/2020,http://dummyimage.com/1500x800.bmp/dddddd/000000,FT19 8FJ,test3@slp.com,
Ants in the Pants,Nulla tellus. In sagittis dui vel nisl. Duis ac nibh.,Riolândia,5/7/2020,http://dummyimage.com/1500x800.bmp/5fa2dd/ffffff,GU11AF,test4@slp.com,
See What I'm Saying: The Deaf Entertainers Documentary,"Vivamus vel nulla eget eros elementum pellentesque. Quisque porta volutpat erat. Quisque erat eros, viverra eget, congue eget, semper rutrum, nulla.",Rakhmanovo,10/9/2020,http://dummyimage.com/1500x800.bmp/cc0000/ffffff,KT11 3YQ,test5@slp.com,
2010: Moby Dick,"Integer pede justo, lacinia eget, tincidunt eget, tempus vel, pede. Morbi porttitor lorem id ligula. Suspendisse ornare consequat lectus. In est risus, auctor sed, tristique in, tempus sit amet, sem.",Hovorany,9/21/2020,http://dummyimage.com/1500x800.bmp/cc0000/ffffff,RH1 6AX,test6@slp.com,
"Sin of Harold Diddlebock, The",Vestibulum ante ipsum primis in faucibus orci luctus et ultrices posuere cubilia Curae; Mauris viverra diam vitae quam. Suspendisse potenti. Nullam porttitor lacus at turpis.,Banaran,2/23/2020,http://dummyimage.com/1500x800.bmp/cc0000/ffffff,GU24 8EX,test7@slp.com,
Hawks and Sparrows (Uccellacci e Uccellini),"Aliquam non mauris. Morbi non lectus. Aliquam sit amet diam in magna bibendum imperdiet. Nullam orci pede, venenatis non, sodales sed, tincidunt eu, felis.",Cikuya,5/26/2020,http://dummyimage.com/1500x800.bmp/cc0000/ffffff,TW15 1AL,test8@slp.com,
Embracing,"Pellentesque ultrices mattis odio. Donec vitae nisi. Nam ultrices, libero non mattis pulvinar, nulla pede ullamcorper augue, a suscipit nulla elit ac nulla.",Baishigou,5/13/2020,http://dummyimage.com/1500x800.bmp/5fa2dd/ffffff,GU12 5RH,test9@slp.com,
