title,description,startDate,photoUrl,amount,isPublic,isPublished,owner
"Debt, The",Fusce consequat. Nulla nisl. Nunc nisl.,9/25/2019,http://dummyimage.com/1500x800.bmp/dddddd/000000,58725,TRUE,TRUE,test1@slp.com
"Devil's Ground, The","Phasellus id sapien in sapien iaculis congue. Vivamus metus arcu, adipiscing molestie, hendrerit at, vulputate vitae, nisl. Aenean lectus. Pellentesque eget nunc.",9/26/2019,http://dummyimage.com/1500x800.bmp/dddddd/000000,26589,TRUE,TRUE,test2@slp.com
Saint Ange (House of Voices),"Nulla suscipit ligula in lacus. Curabitur at ipsum ac tellus semper interdum. Mauris ullamcorper purus sit amet nulla. Quisque arcu libero, rutrum ac, lobortis vel, dapibus at, diam.",10/6/2019,http://dummyimage.com/1500x800.bmp/ff4444/ffffff,93657,TRUE,TRUE,test3@slp.com
Sharpe's Battle,"Morbi quis tortor id nulla ultrices aliquet. Maecenas leo odio, condimentum id, luctus nec, molestie sed, justo. Pellentesque viverra pede ac diam.",9/26/2019,http://dummyimage.com/1500x800.bmp/cc0000/ffffff,80885,TRUE,TRUE,test4@slp.com
Hadersfild (Huddersfield),"Praesent blandit. Nam nulla. Integer pede justo, lacinia eget, tincidunt eget, tempus vel, pede. Morbi porttitor lorem id ligula.",9/17/2019,http://dummyimage.com/1500x800.bmp/cc0000/ffffff,83533,TRUE,TRUE,test5@slp.com
Four Adventures of Reinette and Mirabelle (4 aventures de Reinette et Mirabelle),"Aenean sit amet justo. Morbi ut odio. Cras mi pede, malesuada in, imperdiet et, commodo vulputate, justo.",9/7/2019,http://dummyimage.com/1500x800.bmp/dddddd/000000,24182,TRUE,TRUE,test6@slp.com
Von Ryan's Express,"Cum sociis natoque penatibus et magnis dis parturient montes, nascetur ridiculus mus. Vivamus vestibulum sagittis sapien. Cum sociis natoque penatibus et magnis dis parturient montes, nascetur ridiculus mus.",9/15/2019,http://dummyimage.com/1500x800.bmp/ff4444/ffffff,14212,TRUE,TRUE,test7@slp.com
True Confession,"Proin at turpis a pede posuere nonummy. Integer non velit. Donec diam neque, vestibulum eget, vulputate ut, ultrices vel, augue.",10/9/2019,http://dummyimage.com/1500x800.bmp/dddddd/000000,75695,TRUE,TRUE,test8@slp.com
"Machine, The",Ut at dolor quis odio consequat varius. Integer ac leo. Pellentesque ultrices mattis odio. Donec vitae nisi.,10/2/2019,http://dummyimage.com/1500x800.bmp/cc0000/ffffff,84414,TRUE,TRUE,test9@slp.com
Destiny (a.k.a. Between Two Worlds) (Der müde Tod),Donec posuere metus vitae ipsum. Aliquam non mauris. Morbi non lectus. Aliquam sit amet diam in magna bibendum imperdiet.,10/1/2019,http://dummyimage.com/1500x800.bmp/5fa2dd/ffffff,25011,TRUE,TRUE,test10@slp.com
Pot O' Gold,"Integer aliquet, massa id lobortis convallis, tortor risus dapibus augue, vel accumsan tellus nisi eu orci. Mauris lacinia sapien quis libero. Nullam sit amet turpis elementum ligula vehicula consequat.",9/24/2019,http://dummyimage.com/1500x800.bmp/dddddd/000000,87863,TRUE,TRUE,test11@slp.com
Dead Ahead: The Exxon Valdez Disaster,"Lorem ipsum dolor sit amet, consectetuer adipiscing elit. Proin interdum mauris non ligula pellentesque ultrices. Phasellus id sapien in sapien iaculis congue.",9/27/2019,http://dummyimage.com/1500x800.bmp/5fa2dd/ffffff,76859,TRUE,TRUE,gmckevinb@stanford.edu
"Bicycle, Spoon, Apple (Bicicleta, cullera, poma)",Nunc purus. Phasellus in felis. Donec semper sapien a libero. Nam dui.,9/6/2019,http://dummyimage.com/1500x800.bmp/5fa2dd/ffffff,28957,TRUE,TRUE,mwallsc@flavors.me
Summer in Berlin (Sommer vorm Balkon),"Morbi porttitor lorem id ligula. Suspendisse ornare consequat lectus. In est risus, auctor sed, tristique in, tempus sit amet, sem.",9/16/2019,http://dummyimage.com/1500x800.bmp/ff4444/ffffff,48799,TRUE,TRUE,wtynnand@facebook.com
Father Takes a Wife,"Morbi quis tortor id nulla ultrices aliquet. Maecenas leo odio, condimentum id, luctus nec, molestie sed, justo. Pellentesque viverra pede ac diam. Cras pellentesque volutpat dui.",9/1/2019,http://dummyimage.com/1500x800.bmp/cc0000/ffffff,6908,TRUE,TRUE,vdadye@usnews.com
"Ugly, The",Nulla suscipit ligula in lacus. Curabitur at ipsum ac tellus semper interdum. Mauris ullamcorper purus sit amet nulla.,10/8/2019,http://dummyimage.com/1500x800.bmp/ff4444/ffffff,1238,TRUE,TRUE,cbowsteadf@cbsnews.com
Ed and His Dead Mother,Etiam pretium iaculis justo. In hac habitasse platea dictumst. Etiam faucibus cursus urna.,9/30/2019,http://dummyimage.com/1500x800.bmp/dddddd/000000,97933,TRUE,TRUE,kgirtg@google.com.au
When Brendan Met Trudy,Maecenas pulvinar lobortis est. Phasellus sit amet erat. Nulla tempus. Vivamus in felis eu sapien cursus vestibulum.,9/29/2019,http://dummyimage.com/1500x800.bmp/dddddd/000000,27163,TRUE,TRUE,lroskeillyh@people.com.cn
Suspect,In hac habitasse platea dictumst. Maecenas ut massa quis augue luctus tincidunt. Nulla mollis molestie lorem. Quisque ut erat.,9/15/2019,http://dummyimage.com/1500x800.bmp/5fa2dd/ffffff,95822,TRUE,TRUE,sgreenleesi@google.nl
"Egg and I, The","Vestibulum quam sapien, varius ut, blandit non, interdum in, ante. Vestibulum ante ipsum primis in faucibus orci luctus et ultrices posuere cubilia Curae; Duis faucibus accumsan odio. Curabitur convallis.",9/22/2019,http://dummyimage.com/1500x800.bmp/dddddd/000000,81699,TRUE,TRUE,npringerj@howstuffworks.com
Sweet Sixteen,Suspendisse potenti. In eleifend quam a odio. In hac habitasse platea dictumst. Maecenas ut massa quis augue luctus tincidunt.,10/5/2019,http://dummyimage.com/1500x800.bmp/5fa2dd/ffffff,15227,TRUE,TRUE,csollowayk@soundcloud.com
Steel Toes,"Curabitur gravida nisi at nibh. In hac habitasse platea dictumst. Aliquam augue quam, sollicitudin vitae, consectetuer eget, rutrum at, lorem.",9/24/2019,http://dummyimage.com/1500x800.bmp/5fa2dd/ffffff,4477,TRUE,TRUE,bklempsl@mac.com
Albatross,"Praesent lectus. Vestibulum quam sapien, varius ut, blandit non, interdum in, ante. Vestibulum ante ipsum primis in faucibus orci luctus et ultrices posuere cubilia Curae; Duis faucibus accumsan odio. Curabitur convallis.",9/18/2019,http://dummyimage.com/1500x800.bmp/cc0000/ffffff,65643,TRUE,TRUE,cclothierm@hostgator.com
"Castaway Cowboy, The",Suspendisse potenti. In eleifend quam a odio. In hac habitasse platea dictumst. Maecenas ut massa quis augue luctus tincidunt.,9/2/2019,http://dummyimage.com/1500x800.bmp/cc0000/ffffff,2772,TRUE,TRUE,dwhethern@yandex.ru
Genocide (Konchû daisensô),Nullam varius. Nulla facilisi. Cras non velit nec nisi vulputate nonummy.,9/26/2019,http://dummyimage.com/1500x800.bmp/cc0000/ffffff,90732,TRUE,TRUE,csaxelbyo@slate.com
Amen.,Etiam vel augue. Vestibulum rutrum rutrum neque. Aenean auctor gravida sem. Praesent id massa id nisl venenatis lacinia.,9/24/2019,http://dummyimage.com/1500x800.bmp/cc0000/ffffff,82101,TRUE,TRUE,fswinep@icio.us
"Kiss, The","Fusce posuere felis sed lacus. Morbi sem mauris, laoreet ut, rhoncus aliquet, pulvinar sed, nisl. Nunc rhoncus dui vel sem. Sed sagittis.",10/5/2019,http://dummyimage.com/1500x800.bmp/cc0000/ffffff,88259,TRUE,TRUE,mjanksq@msu.edu
Canciones de amor en Lolita's Club,"Lorem ipsum dolor sit amet, consectetuer adipiscing elit. Proin risus. Praesent lectus.",9/14/2019,http://dummyimage.com/1500x800.bmp/dddddd/000000,68600,TRUE,TRUE,acowlamr@howstuffworks.com
Special Forces (Forces spéciales),"Cum sociis natoque penatibus et magnis dis parturient montes, nascetur ridiculus mus. Vivamus vestibulum sagittis sapien. Cum sociis natoque penatibus et magnis dis parturient montes, nascetur ridiculus mus. Etiam vel augue.",10/8/2019,http://dummyimage.com/1500x800.bmp/5fa2dd/ffffff,32628,TRUE,TRUE,bbonniers@wordpress.com
"Town is Quiet, The (Ville est tranquille, La)","Vivamus metus arcu, adipiscing molestie, hendrerit at, vulputate vitae, nisl. Aenean lectus. Pellentesque eget nunc. Donec quis orci eget orci vehicula condimentum.",9/30/2019,http://dummyimage.com/1500x800.bmp/ff4444/ffffff,6195,TRUE,TRUE,fkiddellt@pinterest.com
Raja,"Integer pede justo, lacinia eget, tincidunt eget, tempus vel, pede. Morbi porttitor lorem id ligula. Suspendisse ornare consequat lectus. In est risus, auctor sed, tristique in, tempus sit amet, sem.",9/2/2019,http://dummyimage.com/1500x800.bmp/5fa2dd/ffffff,32672,TRUE,TRUE,bpadberryu@marketwatch.com
Get Over It,"Vestibulum ac est lacinia nisi venenatis tristique. Fusce congue, diam id ornare imperdiet, sapien urna pretium nisl, ut volutpat sapien arcu sed augue. Aliquam erat volutpat.",9/8/2019,http://dummyimage.com/1500x800.bmp/5fa2dd/ffffff,52712,TRUE,TRUE,tkibbev@ehow.com
No One Dies in Lily Dale,"Duis mattis egestas metus. Aenean fermentum. Donec ut mauris eget massa tempor convallis. Nulla neque libero, convallis eget, eleifend luctus, ultricies eu, nibh.",10/1/2019,http://dummyimage.com/1500x800.bmp/dddddd/000000,24621,TRUE,TRUE,wmcvityw@newyorker.com
Razorback,"Donec vitae nisi. Nam ultrices, libero non mattis pulvinar, nulla pede ullamcorper augue, a suscipit nulla elit ac nulla. Sed vel enim sit amet nunc viverra dapibus. Nulla suscipit ligula in lacus.",8/31/2019,http://dummyimage.com/1500x800.bmp/dddddd/000000,27390,TRUE,TRUE,kmannionx@amazon.co.jp
Kein Bund für's Leben,"Cum sociis natoque penatibus et magnis dis parturient montes, nascetur ridiculus mus. Etiam vel augue. Vestibulum rutrum rutrum neque. Aenean auctor gravida sem.",9/22/2019,http://dummyimage.com/1500x800.bmp/5fa2dd/ffffff,40103,TRUE,TRUE,ozorziniy@archive.org
Me and Morrison (Minä ja Morrison),Vestibulum sed magna at nunc commodo placerat. Praesent blandit. Nam nulla.,9/21/2019,http://dummyimage.com/1500x800.bmp/ff4444/ffffff,26720,TRUE,TRUE,kdez@guardian.co.uk
Outside Satan (Hors Satan),"Donec semper sapien a libero. Nam dui. Proin leo odio, porttitor id, consequat in, consequat ut, nulla. Sed accumsan felis.",9/30/2019,http://dummyimage.com/1500x800.bmp/ff4444/ffffff,49075,TRUE,TRUE,jkoppen10@jigsy.com
"Regular Lovers (Amants réguliers, Les)","Proin leo odio, porttitor id, consequat in, consequat ut, nulla. Sed accumsan felis. Ut at dolor quis odio consequat varius. Integer ac leo.",9/6/2019,http://dummyimage.com/1500x800.bmp/cc0000/ffffff,25662,TRUE,TRUE,sguilliland11@google.com.au
Play Girl,"Pellentesque viverra pede ac diam. Cras pellentesque volutpat dui. Maecenas tristique, est et tempus semper, est quam pharetra magna, ac consequat metus sapien ut nunc.",9/4/2019,http://dummyimage.com/1500x800.bmp/dddddd/000000,19815,TRUE,TRUE,eoffell12@quantcast.com
Beethoven's Treasure Tail,"Morbi ut odio. Cras mi pede, malesuada in, imperdiet et, commodo vulputate, justo. In blandit ultrices enim.",9/30/2019,http://dummyimage.com/1500x800.bmp/dddddd/000000,40932,TRUE,TRUE,gdumbleton13@vimeo.com
Sniper 2,"Nulla nisl. Nunc nisl. Duis bibendum, felis sed interdum venenatis, turpis enim blandit mi, in porttitor pede justo eu massa.",9/1/2019,http://dummyimage.com/1500x800.bmp/ff4444/ffffff,17126,TRUE,TRUE,mkaye14@tinyurl.com
Map of the Human Heart,Suspendisse potenti. Nullam porttitor lacus at turpis. Donec posuere metus vitae ipsum.,10/4/2019,http://dummyimage.com/1500x800.bmp/ff4444/ffffff,42785,TRUE,TRUE,ccalladine15@latimes.com
Barbary Coast,Etiam vel augue. Vestibulum rutrum rutrum neque. Aenean auctor gravida sem. Praesent id massa id nisl venenatis lacinia.,9/14/2019,http://dummyimage.com/1500x800.bmp/ff4444/ffffff,3334,TRUE,TRUE,bcaslett16@google.co.uk
Delicacy (La délicatesse),"Nulla nisl. Nunc nisl. Duis bibendum, felis sed interdum venenatis, turpis enim blandit mi, in porttitor pede justo eu massa.",10/3/2019,http://dummyimage.com/1500x800.bmp/dddddd/000000,16875,TRUE,TRUE,ddriutti17@harvard.edu
Mafioso,Morbi non quam nec dui luctus rutrum. Nulla tellus. In sagittis dui vel nisl. Duis ac nibh.,10/5/2019,http://dummyimage.com/1500x800.bmp/dddddd/000000,4527,TRUE,TRUE,emacgauhy18@theatlantic.com
"Brotherhood, The",Maecenas tincidunt lacus at velit. Vivamus vel nulla eget eros elementum pellentesque. Quisque porta volutpat erat.,8/31/2019,http://dummyimage.com/1500x800.bmp/dddddd/000000,66499,TRUE,TRUE,ksickling19@themeforest.net
Sunshine,Curabitur convallis. Duis consequat dui nec nisi volutpat eleifend. Donec ut dolor.,9/7/2019,http://dummyimage.com/1500x800.bmp/dddddd/000000,28949,TRUE,TRUE,esertin1a@constantcontact.com
Bull Durham,"Morbi ut odio. Cras mi pede, malesuada in, imperdiet et, commodo vulputate, justo. In blandit ultrices enim. Lorem ipsum dolor sit amet, consectetuer adipiscing elit.",10/6/2019,http://dummyimage.com/1500x800.bmp/cc0000/ffffff,18073,TRUE,TRUE,cverrico1b@kickstarter.com
Lightning Bug,Suspendisse accumsan tortor quis turpis. Sed ante. Vivamus tortor. Duis mattis egestas metus.,9/18/2019,http://dummyimage.com/1500x800.bmp/cc0000/ffffff,91905,TRUE,TRUE,cbenns1c@umn.edu
It's a Free World...,Nulla ut erat id mauris vulputate elementum. Nullam varius. Nulla facilisi.,9/23/2019,http://dummyimage.com/1500x800.bmp/5fa2dd/ffffff,88132,TRUE,TRUE,hbedborough1d@chron.com
